{
  "extraction_metadata": {
    "extracted_at": "2025-10-27T10:35:47.519057",
    "documents_processed": "New folder",
    "embedding_file": "embeddings\\PERMIAN RESOURCES CORPORATION_20251027_102459.pkl",
    "total_categories": 6,
    "total_metrics": 51,
    "processing_time_seconds": 647.02,
    "company_name": "Permian Resources Corporation",
    "ticker_symbol": "PR",
    "sec_cik_number": "0000000000",
    "company_type": "public",
    "status": "active"
  },
  "categories": [
    {
      "category_name": "OPEX",
      "metrics": [
        {
          "metric_name": "Lease Operating Expense (LOE)",
          "unit": "$MM",
          "value": 159.7,
          "comment": "Total Lease Operating Expense for Q2 2024 was approximately $159.7 million as reported in the SEC filings, representing the operating costs for the three months ended June 30, 2024.",
          "source": "SEC filings, Three Months Ended June 30, 2024, sections: main content, press release 20240630",
          "confidence_score": 0.95
        },
        {
          "metric_name": "Workover Cost",
          "unit": "$MM",
          "value": null,
          "comment": "No specific data on Workover Costs was found in the latest SEC filing excerpts provided.",
          "source": "SEC filings, sections: main content, press release 20240630",
          "confidence_score": 0.3
        },
        {
          "metric_name": "Gathering, Processing & Transportation (GTP)",
          "unit": "$MM",
          "value": 43.7,
          "comment": "Gathering, Processing and Transportation expenses for Q2 2024 were $43.7 million, reflecting increased natural gas and NGL volumes leading to higher plant processing fees and gathering costs.",
          "source": "SEC filings, Three Months Ended June 30, 2024, sections: main content, press release 20240630",
          "confidence_score": 0.95
        },
        {
          "metric_name": "Ad Val Taxes (Production Tax)",
          "unit": "$MM",
          "value": null,
          "comment": "Exact standalone Ad Valorem Taxes amount for Q2 2024 is not explicitly stated; only combined severance and ad valorem taxes and their increases are detailed.",
          "source": "SEC filings, Three Months Ended June 30, 2024, sections: main content, press release 20240630",
          "confidence_score": 0.6
        },
        {
          "metric_name": "Severance Taxes (Production Tax)",
          "unit": "$MM",
          "value": null,
          "comment": "Combined severance and ad valorem taxes for Q2 2024 totaled $93.07 million; severance taxes increased by $40.0 million over Q2 2023, but exact severance tax portion is not separately quantified.",
          "source": "SEC filings, Three Months Ended June 30, 2024, sections: main content, press release 20240630",
          "confidence_score": 0.7
        },
        {
          "metric_name": "LOE $/BOE",
          "unit": "$/BOE",
          "value": 5.18,
          "comment": "LOE per BOE for Q2 2024 was $5.18, a 6% decrease compared to Q2 2023, indicating improved operating efficiency on a per unit basis.",
          "source": "SEC filings, Three Months Ended June 30, 2024, sections: main content, press release 20240630",
          "confidence_score": 0.95
        },
        {
          "metric_name": "Total OPEX $/BOE",
          "unit": "$/BOE",
          "value": 6.6,
          "comment": "Total OPEX per BOE for Q2 2024 was $6.60, comprising $5.18 LOE per BOE and $1.42 gathering, processing and transportation expenses per BOE; severance and ad valorem taxes excluded as they are reported as a percentage of revenue.",
          "source": "SEC filings, Three Months Ended June 30, 2024, sections: main content, press release 20240630",
          "confidence_score": 0.9
        }
      ]
    },
    {
      "category_name": "Production Data",
      "metrics": [
        {
          "metric_name": "Oil Production",
          "unit": "mbbl/d",
          "value": 152.883,
          "comment": "Latest average daily net oil production for Q2 2024 is 152,883 bbl/d, showing a slight increase compared to the six months average of 152,338 bbl/d, indicating modest growth in oil production quarter-over-quarter.",
          "source": "SEC filing for three and six months ended June 30, 2024",
          "confidence_score": 0.9
        },
        {
          "metric_name": "NGL Production",
          "unit": "mbbl/d",
          "value": 84.736,
          "comment": "Latest NGL production for Q2 2024 is 84,736 bbl/d, up from the six months average of 78,791 bbl/d, reflecting a strong quarter-over-quarter increase and a 139% year-over-year growth driven by acquisitions and new wells.",
          "source": "SEC filing for three and six months ended June 30, 2024",
          "confidence_score": 0.95
        },
        {
          "metric_name": "Gas Production",
          "unit": "mmscf/d",
          "value": 606.856,
          "comment": "Natural gas production for Q2 2024 averaged 606.9 MMcf/d, representing a significant 120% increase compared to Q2 2023 production of approximately 275.7 MMcf/d, driven by acquisitions and new wells.",
          "source": "SEC filing for three and six months ended June 30, 2024",
          "confidence_score": 0.95
        },
        {
          "metric_name": "BOE",
          "unit": "mboe/d",
          "value": 338.761,
          "comment": "Total average daily BOE production for Q2 2024 is approximately 338,761 Boe/d, reflecting combined oil, NGL, and gas production on a barrel of oil equivalent basis.",
          "source": "SEC filing for three months ended June 30, 2024",
          "confidence_score": 0.9
        },
        {
          "metric_name": "Oil Volume",
          "unit": "mmbls",
          "value": 27.725,
          "comment": "Total oil volume produced in the latest quarter (Q2 2024) is approximately 27.725 million barrels, based on 27,725 thousand barrels reported for the six months ended June 30, 2024.",
          "source": "SEC filing for six months ended June 30, 2024",
          "confidence_score": 0.9
        },
        {
          "metric_name": "NGL Volume",
          "unit": "mmbls",
          "value": 7.711,
          "comment": "NGL volume for the latest quarter (Q2 2024) is approximately 7.711 million barrels, derived from 7,711 thousand barrels reported for the three months ended June 30, 2024.",
          "source": "SEC filing for three months ended June 30, 2024",
          "confidence_score": 0.9
        },
        {
          "metric_name": "Gas Volume",
          "unit": "bcf",
          "value": 107.026,
          "comment": "Total natural gas volume reported for the six months ended June 30, 2024 is approximately 107.0 billion cubic feet, converted from 107,026 thousand cubic feet.",
          "source": "SEC filing for six months ended June 30, 2024",
          "confidence_score": 0.9
        },
        {
          "metric_name": "BOE Total",
          "unit": "MMBOE",
          "value": 59.903,
          "comment": "Total BOE production for the six months ended June 30, 2024 is approximately 59.903 million BOE, based on 59,903 thousand BOE reported in the SEC filing.",
          "source": "SEC filing for six months ended June 30, 2024",
          "confidence_score": 0.9
        }
      ]
    },
    {
      "category_name": "Revenue",
      "metrics": [
        {
          "metric_name": "Oil Revenue",
          "unit": "$MM",
          "value": 1114.3,
          "comment": "Oil revenue for Q2 2024 was $1,114.3 million, and for the first half of 2024 was $2,166.0 million, reflecting strong oil sales in the latest SEC filing period.",
          "source": "Latest SEC filing, Three and Six Months Ended June 30, 2024, sections: main content, press release 20240630",
          "confidence_score": 0.95
        },
        {
          "metric_name": "NGL Revenue",
          "unit": "$MM",
          "value": 154.8,
          "comment": "NGL revenue for Q2 2024 was approximately $154.8 million, including a deduction of $18.8 million for gathering, processing, and transportation costs.",
          "source": "Latest SEC filing, Three Months Ended June 30, 2024, sections: main content, press release 20240630",
          "confidence_score": 0.95
        },
        {
          "metric_name": "Gas Revenue",
          "unit": "$MM",
          "value": -23.031,
          "comment": "Natural gas revenue for Q2 2024 was negative $23.031 million, primarily due to $23.6 million in gathering, processing, and transportation costs reducing net gas sales revenue.",
          "source": "Latest SEC filing, Three Months Ended June 30, 2024, sections: main content, press release 20240630",
          "confidence_score": 0.9
        },
        {
          "metric_name": "Total Revenue",
          "unit": "$MM",
          "value": 1246.1,
          "comment": "Total revenue for Q2 2024 is approximately $1,246.1 million, based on oil and gas sales which constitute the primary revenue stream.",
          "source": "Latest SEC filing, Three Months Ended June 30, 2024, sections: main content, press release 20240630",
          "confidence_score": 0.9
        },
        {
          "metric_name": "Total Revenue $/BOE",
          "unit": "$/BOE",
          "value": 40.41,
          "comment": "Total revenue per BOE for Q2 2024 is approximately $40.41, calculated by dividing total oil and gas sales revenue by total production of 30.827 million BOE.",
          "source": "Latest SEC filing, Three Months Ended June 30, 2024, sections: main content, press release 20240630",
          "confidence_score": 0.9
        },
        {
          "metric_name": "Realized Price – Oil",
          "unit": "$/BBL",
          "value": 78.99,
          "comment": "Realized oil price including hedging effects was $78.99 per barrel for Q2 2024, slightly lower than the six-month average of $77.51 per barrel.",
          "source": "Latest SEC filing, Three and Six Months Ended June 30, 2024, sections: main content, press release 20240630",
          "confidence_score": 0.95
        },
        {
          "metric_name": "Realized Price – NGL",
          "unit": "$/BBL",
          "value": 22.51,
          "comment": "Realized NGL price excluding GP&T charges was $22.51 per barrel for Q2 2024, reflecting a 9% increase compared to Q2 2023, driven by higher Mont Belvieu spot prices.",
          "source": "Latest SEC filing, Three and Six Months Ended June 30, 2024, sections: main content, press release 20240630",
          "confidence_score": 0.95
        },
        {
          "metric_name": "Realized Price – Gas",
          "unit": "$/MCF",
          "value": 0.43,
          "comment": "Realized natural gas price including hedging was $0.43 per Mcf for Q2 2024, lower than the six-month average of $0.90 per Mcf, reflecting adjustments for GP&T charges and derivative settlements.",
          "source": "Latest SEC filing, Three and Six Months Ended June 30, 2024, sections: main content, press release 20240630",
          "confidence_score": 0.9
        },
        {
          "metric_name": "Realized Price – BOE",
          "unit": "$/BOE",
          "value": 40.41,
          "comment": "Overall realized price per BOE for Q2 2024 was approximately $40.41, derived from total net revenues of $1,246.1 million divided by total production of 30.827 million BOE.",
          "source": "Latest SEC filing, Three Months Ended June 30, 2024, sections: main content, press release 20240630",
          "confidence_score": 0.9
        }
      ]
    }
  ]
}
 